loss,mse,mae,loss_val,mse_val,mae_val
0.014306270672629276,0.014306270672629276,0.08841622744997342,0.014922650841375193,0.014922650841375193,0.08787482728560765
