loss,mse,mae,loss_val,mse_val,mae_val
0.014412035107878703,0.014412035107878703,0.0877796928265265,0.013896967935185116,0.013896967935185116,0.08534274447754205
